[
    
    {
        "id":1,
        "icon":"fa fa-search searchBtn",
        "img":"",
        "title":"",
        "flag":"S",
        "url":""
    },
    {
        "id":2,
        "icon":"fa fa-cog",
        "img":"",
        "title":"",
        "flag":"N",
        "url":""
    },
    {
        "id":3,
        "icon":"fa fa-bell",
        "img":"",
        "title":"",
        "flag":"N",
        "url":""
    },
    {
        "id":4,
        "icon":"",
        "img":"",
        "title":"NC",
        "flag":"P",
        "url":""
    }
]