[
    {
        "id":1,
        "menu_name":"Masters",
        "has_submenu":"Y",
        "sub_menu":[
            {
                "parent_id":"M-1",
                "menu_name":"Client",
                "has_submenu":"N",
                "url":"/main/clientmaster"
            },
            {
                "parent_id":"M-1",
                "menu_name":"Employee",
                "has_submenu":"N",
                "url":"/main/employee"
            },
            {
                "parent_id":"M-1",
                "menu_name":"RNT",
                "has_submenu":"N",
                "url":"/main/rntmaster"
            },
            {
                "parent_id":"M-1",
                "menu_name":"Product",
                "has_submenu":"N",
                "url":"/main/productmaster"
            },
            {
                "parent_id":"M-1",
                "menu_name":"AMC",
                "has_submenu":"N",
                "url":"/main/amcmaster"
            },
            {
                "parent_id":"M-1",
                "menu_name":"Category",
                "has_submenu":"N",
                "url":"/main/category"
            },
            {
                "parent_id":"M-1",
                "menu_name":"SubCategory",
                "has_submenu":"N",
                "url":"/main/subcategory"
            },
            {
                "parent_id":"M-1",
                "menu_name":"Branch",
                "has_submenu":"N",
                "url":"/main/branch"
            },
            {
                "parent_id":"M-1",
                "menu_name":"Form",
                "has_submenu":"N",
                "url":"/main/formmaster"
            },
            {
                "parent_id":"M-1",
                "menu_name":"Transaction Type",
                "has_submenu":"N",
                "url":"/main/transtype"
            },
            {
                "parent_id":"M-1",
                "menu_name":"Transaction",
                "has_submenu":"N",
                "url":"/main/trans"
            },
            {
                "parent_id":"M-1",
                "menu_name":"Bank",
                "has_submenu":"N",
                "url":"/main/bank"
            },
            {
                "parent_id":"M-1",
                "menu_name":"Scheme",
                "has_submenu":"N",
                "url":"/main/scheme"
            }, 
            {
                "parent_id":"M-1",
                "menu_name":"Document Type",
                "has_submenu":"N",
                "url":"/main/docsType"
            }, 
            {
                "parent_id":"M-1",
                "menu_name":"Documents",
                "has_submenu":"N",
                "url":"/main/docs"
            }
        ]
    },
    {
        "id":2,
         "menu_name":"Kyc",
         "has_submenu":"N",
         "sub_menu":[]
    },
    {
         "id":3,
         "menu_name":"Recieve Form",
         "has_submenu":"N",
         "sub_menu":[],
         "url":"/main/rcvForm"
    },
    {
        "id":4,
        "menu_name":"Transactions",
        "has_submenu":"Y",
        "sub_menu":[
            {
                "parent_id":"T-1",
                "menu_name":"Mutual Fund",
                "has_submenu":"Y",
                "sub_menu":[
                    {
                        "parent_id":"TMF-1",
                        "menu_name":"Financial",
                        "has_submenu":"N",
                        "url":""
                    },
                    {
                        "parent_id":"TMF-2",
                        "menu_name":"Non-Financial",
                        "has_submenu":"N",
                        "url":""
                    },
                    {
                        "parent_id":"TMF-3",
                        "menu_name":"NFO",
                        "has_submenu":"N",
                        "url":""
                    }
                           ]
            },
            {
                "parent_id":"T-2",
                "menu_name":"Fixed Deposit",
                "has_submenu":"N",
                "sub_menu":[]
            },
            {                
                "parent_id":"T-3",
                "menu_name":"Bond",
                "has_submenu":"N",
                "sub_menu":[
                ]
            }
        ]
    }
]