[
    {
        "id": 1,
        "menu_name": "Masters",
        "has_submenu": "Y",
        "sub_menu": [
            {
                "parent_id": "M-1",
                "menu_name": "RNT",
                "has_submenu": "N",
                "url": "/main/rntmaster"
            },
            {
                "parent_id": "M-1",
                "menu_name": "AMC",
                "has_submenu": "N",
                "url": "/main/amcmaster"
            },
            {
                "parent_id": "M-1",
                "menu_name": "Category",
                "has_submenu": "N",
                "url": "/main/category"
            },
            {
                "parent_id": "M-1",
                "menu_name": "SubCategory",
                "has_submenu": "N",
                "url": "/main/subcategory"
            },
            {
                "parent_id": "M-1",
                "menu_name": "Bank",
                "has_submenu": "N",
                "url": "/main/bank"
            },
            {
                "parent_id": "M-1",
                "menu_name": "Scheme",
                "has_submenu": "N",
                "url": "/main/scheme"
            },
            {
                "parent_id": "M-1",
                "menu_name": "Document Type",
                "has_submenu": "N",
                "url": "/main/docsType"
            }
        ]
    },
    {
        "id": 2,
        "menu_name": "Form Recieve",
        "has_submenu": "N",
        "sub_menu": [],
        "url": "/main/rcvForm"
    },
    {
        "id": 3,
        "menu_name": "Client Master",
        "has_submenu": "N",
        "url": "/main/clientmaster",
        "sub_menu": []
    },
    {
        "id": 4,
        "menu_name": "Document Master",
        "has_submenu": "N",
        "url": "/main/docs",
        "sub_menu": []
    },
    {
        "id": 5,
        "menu_name": "KYC",
        "has_submenu": "N",
        "sub_menu": []
    },
    {
        "id": 6,
        "menu_name": "Transactions",
        "has_submenu": "Y",
        "sub_menu": [
            {
                "parent_id": "T-1",
                "menu_name": "Mutual Fund",
                "has_submenu": "Y",
                "sub_menu": [
                    {
                        "parent_id": "TMF-1",
                        "menu_name": "Financial",
                        "has_submenu": "N",
                        "url": ""
                    },
                    {
                        "parent_id": "TMF-2",
                        "menu_name": "Non-Financial",
                        "has_submenu": "N",
                        "url": ""
                    },
                    {
                        "parent_id": "TMF-3",
                        "menu_name": "NFO",
                        "has_submenu": "N",
                        "url": ""
                    }
                ]
            },
            {
                "parent_id": "T-2",
                "menu_name": "Fixed Deposit",
                "has_submenu": "N",
                "sub_menu": []
            },
            {
                "parent_id": "T-3",
                "menu_name": "Insuarance",
                "has_submenu": "N",
                "sub_menu": []
            },
            {
                "parent_id": "T-3",
                "menu_name": "NPS",
                "has_submenu": "N",
                "sub_menu": []
            }
        ]
    }
]