[
  
    {
        "id": 2,
        "menu_name": "Form Recievable",
        "has_submenu": "N",
        "sub_menu": [],
        "url": "/main/rcvForm"
    },
    {
        "id": 0,
        "menu_name": "Client Master",
        "has_submenu": "N",
        "url": "/main/clientmaster",
        "sub_menu": []
    },
    {
        "id": 0,
        "menu_name": "Document Master",
        "has_submenu": "N",
        "url": "/main/docs",
        "sub_menu": []
    },
    {
        "id": 6,
        "menu_name": "Transactions",
        "has_submenu": "Y",
        "sub_menu": [
            {
                "id": "T-1",
                "menu_name": "KYC",
                "has_submenu": "N",
                "sub_menu": [],
                "url":"/main/kyc"
            },
            {
                "id": "T-2",
                "menu_name": "Mutual Fund",
                "has_submenu": "Y",
                "sub_menu": [
                    {
                        "parent_id": "TMF-1",
                        "menu_name": "Financial",
                        "has_submenu": "N",
                        "url": "/main/mftrax/fin"
                    },
                    {
                        "parent_id": "TMF-2",
                        "menu_name": "Non-Financial",
                        "has_submenu": "N",
                        "url": "/main/mftrax/nonfin"
                    },
                    {
                        "parent_id": "TMF-3",
                        "menu_name": "NFO",
                        "has_submenu": "N",
                        "url": "/main/mftrax/nfo"
                    }
                ]
            },
            {
                "id": "T-3",
                "menu_name": "Fixed Deposit",
                "has_submenu": "N",
                "sub_menu": [],
                "url":"/main/home"
            },
            {
                "id": "T-4",
                "menu_name": "Insuarance",
                "has_submenu": "N",
                "sub_menu": [],
                "url":"/main/home"
            },
            {
                "id": "T-5",
                "menu_name": "NPS",
                "has_submenu": "N",
                "sub_menu": [],
                "url":"/main/home"
            }
        ]
    },
    {
        "id": 7,
        "menu_name": "Reports",
        "has_submenu": "Y",
        "sub_menu": [
            {
                "id": "R-1",
                "menu_name": "Day Sheet Reports",
                "has_submenu": "N",
                "sub_menu": [],
                "url":"/main/reports/daySheet"
            }]
    },
    {
        "id": 4,
        "menu_name": "Masters",
        "has_submenu": "Y",
        "sub_menu": [
            {
                "parent_id": 4,
                "menu_name": "R&T",
                "has_submenu": "N",
                "url": "/main/master/rntDashboard",
                "icon":"",
                "id":14
                
            },
            {
                "parent_id": 4,
                "menu_name": "AMC",
                "has_submenu": "N",
                "url": "/main/master/amcmaster",
                "icon":"",
                "id":4
            },
            {
                "parent_id": 4,
                "menu_name": "Category",
                "has_submenu": "N",
                "url": "/main/master/category",
                "icon":"",
                "id":5
            },
            {
                "parent_id": 4,
                "menu_name": "SubCategory",
                "has_submenu": "N",
                "url": "/main/master/subcategory",
                "icon":"",
                "id":6
            },
            {
                "parent_id": 4,
                "menu_name": "Bank",
                "has_submenu": "N",
                "url": "/main/master/bank",
                "icon":"",
                "id":7
            },
            {
                "parent_id": 4,
                "menu_name": "Scheme",
                "has_submenu": "N",
                "url": "/main/master/scheme",
                "icon":"",
                "id":8
            },
            {
                "parent_id": 4,
                "menu_name": "Document Type",
                "has_submenu": "N",
                "url": "/main/master/docsType",
                "icon":"",
                "id":9
            }
        ]
    }
]